<?xml version="1.0" encoding="UTF-8"?>
<beans xmlns="http://www.springframework.org/schema/beans"
	xmlns:context="http://www.springframework.org/schema/context"
	xmlns:xsi="http://www.w3.org/2001/XMLSchema-instance"
	xsi:schemaLocation="
   http://www.springframework.org/schema/beans     
   http://www.springframework.org/schema/beans/spring-beans-3.0.xsd
   http://www.springframework.org/schema/context 
   http://www.springframework.org/schema/context/spring-context-3.0.xsd">

	<import resource="classpath:jbr/config/user-beans.xml" />

	<context:component-scan base-package="jbr.springmvc" />
	<context:annotation-config />

	<bean
		class="org.springframework.web.servlet.view.InternalResourceViewResolver">
		<property name="prefix" value="/jsp/" />
		<property name="suffix" value=".jsp" />
	</bean>

<!-- 	<bean class="org.springframework.web.servlet.view.InternalResourceViewResolver"> -->
<!-- 	<property name="prefix" value="/WEB-INF/jsp/"></property> -->
<!-- 	<property name="suffix" value=".jsp"></property> -->
<!-- 	</bean> -->
	
	<bean id="ds" class="org.springframework.jdbc.datasource.DriverManagerDataSource">  
	<property name="driverClassName" value="com.mysql.jdbc.Driver"></property>  
	<property name="url" value="jdbc:mysql://localhost:3306/msse674_week_05_mvc"></property>  
	<property name="username" value="root"></property>  
	<property name="password" value="Z0obaby3"></property>  
	</bean> 
	
	<bean id="jt" class="org.springframework.jdbc.core.JdbcTemplate">
	<property name="dataSource" ref="ds"></property>
	</bean>
	
	<bean id="dao" class="jbr.springmvc.dao.EmpDaoImpl">
	<property name="template" ref="jt"></property>
	</bean>
	
	<bean id="dao1" class="jbr.springmvc.dao.CustomerDaoImpl">
	<property name="template" ref="jt"></property>
	</bean>
	
	<bean id="dao2" class="jbr.springmvc.dao.CakeDaoImpl">
	<property name="template" ref="jt"></property>
	</bean>

</beans>
